filesystem,record_size,scenario,round,target_ops,duration,warmup_sec,producers,use_consumer,dynamic_topics,dynamic_topic_rate,total_requests,achieved_ops,achieved_pct,total_sent,send_errors,app_avg_ms,app_p50_ms,app_p90_ms,app_p99_ms,app_p999_ms,app_max_ms,block_util_avg,block_util_max,block_await_avg,block_await_max,block_r_await_avg,block_w_await_avg,block_rkB_s_avg,block_wkB_s_avg,cpu_us_avg,cpu_sy_avg,cpu_id_avg,cpu_wa_avg,bottleneck,bottleneck_reasons,raw_output_path,iostat_path,vmstat_path
ext4,1024,scenario_a,1,100000,180,30,8,False,False,5,372005,2477.65,2.5,450634,0,12.83,9.96,26.08,56.26,148.98,330.37,7.533486842105263,488.3,5.170526315789473,67.75,0.0,5.170526315789473,0.0,2908.294736842105,7.223684210526316,56.296052631578945,35.953947368421055,0.45394736842105265,False,disk await avg 5.17 ms >= 5.00 ms,results/kafka_fs_bench_20260524_132814/raw/r1_ext4_scenario_a_1024B_100000ops_measure.txt.gz,results/kafka_fs_bench_20260524_132814/monitor/r1_ext4_scenario_a_1024B_100000ops_measure_iostat.txt.gz,results/kafka_fs_bench_20260524_132814/monitor/r1_ext4_scenario_a_1024B_100000ops_measure_vmstat.txt.gz
ext4,1024,scenario_b,1,100000,180,30,8,True,False,5,361828,2409.12,2.4,434219,0,12.52,9.43,26.06,58.86,139.79,301.32,4.215986842105263,94.06,4.278486842105263,45.5,0.0,4.278486842105263,0.0,2779.1494736842105,8.539473684210526,54.71052631578947,36.2171052631579,0.4342105263157895,False,,results/kafka_fs_bench_20260524_132814/raw/r1_ext4_scenario_b_1024B_100000ops_measure.txt.gz,results/kafka_fs_bench_20260524_132814/monitor/r1_ext4_scenario_b_1024B_100000ops_measure_iostat.txt.gz,results/kafka_fs_bench_20260524_132814/monitor/r1_ext4_scenario_b_1024B_100000ops_measure_vmstat.txt.gz
ext4,1024,scenario_a_dynamic,1,100000,180,30,8,False,True,5,361170,2404.85,2.4,432122,0,15.29,11.5,31.83,67.65,189.16,422.7,25.481907894736842,97.82,8.458947368421052,38.69,0.0,8.458947368421052,0.0,3086.5515789473684,8.519736842105264,56.57236842105263,31.519736842105264,3.4342105263157894,False,disk await avg 8.46 ms >= 5.00 ms,results/kafka_fs_bench_20260524_132814/raw/r1_ext4_scenario_a_dynamic_1024B_100000ops_measure.txt.gz,results/kafka_fs_bench_20260524_132814/monitor/r1_ext4_scenario_a_dynamic_1024B_100000ops_measure_iostat.txt.gz,results/kafka_fs_bench_20260524_132814/monitor/r1_ext4_scenario_a_dynamic_1024B_100000ops_measure_vmstat.txt.gz
ext4,1024,scenario_b_dynamic,1,100000,180,30,8,True,True,5,346959,2310.4,2.3,416556,0,16.18,11.89,32.92,79.57,226.49,365.22,24.49532894736842,97.9,8.020263157894737,36.69,0.0,8.020263157894737,0.0,2984.3536842105264,9.453947368421053,55.63157894736842,31.763157894736842,3.223684210526316,False,disk await avg 8.02 ms >= 5.00 ms,results/kafka_fs_bench_20260524_132814/raw/r1_ext4_scenario_b_dynamic_1024B_100000ops_measure.txt.gz,results/kafka_fs_bench_20260524_132814/monitor/r1_ext4_scenario_b_dynamic_1024B_100000ops_measure_iostat.txt.gz,results/kafka_fs_bench_20260524_132814/monitor/r1_ext4_scenario_b_dynamic_1024B_100000ops_measure_vmstat.txt.gz
ext4,10240,scenario_a,1,10000,180,30,8,False,False,5,363315,2419.54,24.2,436829,0,14.58,9.96,31.17,84.44,140.3,228.34,14.190197368421053,100.9,6.857105263157894,72.19,0.0,6.857105263157894,0.0,27039.663157894738,8.278145695364238,57.29139072847682,33.735099337748345,0.6887417218543046,False,disk await avg 6.86 ms >= 5.00 ms,results/kafka_fs_bench_20260524_132814/raw/r1_ext4_scenario_a_10240B_10000ops_measure.txt.gz,results/kafka_fs_bench_20260524_132814/monitor/r1_ext4_scenario_a_10240B_10000ops_measure_iostat.txt.gz,results/kafka_fs_bench_20260524_132814/monitor/r1_ext4_scenario_a_10240B_10000ops_measure_vmstat.txt.gz
ext4,10240,scenario_b,1,10000,180,30,8,True,False,5,367431,2447.73,24.5,442478,0,14.7,9.34,31.21,98.38,180.2,408.37,14.20342105263158,100.1,7.2075,92.69,0.0,7.2075,0.0,28430.416842105264,10.69078947368421,55.61842105263158,32.98684210526316,0.743421052631579,False,disk await avg 7.21 ms >= 5.00 ms,results/kafka_fs_bench_20260524_132814/raw/r1_ext4_scenario_b_10240B_10000ops_measure.txt.gz,results/kafka_fs_bench_20260524_132814/monitor/r1_ext4_scenario_b_10240B_10000ops_measure_iostat.txt.gz,results/kafka_fs_bench_20260524_132814/monitor/r1_ext4_scenario_b_10240B_10000ops_measure_vmstat.txt.gz
ext4,10240,scenario_a_dynamic,1,10000,180,30,8,False,True,5,351284,2337.37,23.4,421187,0,20.68,12.58,42.63,152.16,253.09,414.63,31.643223684210525,100.5,10.486907894736841,34.57,0.0,10.486907894736841,0.0,24758.29894736842,9.68421052631579,56.55263157894737,29.94078947368421,3.8223684210526314,False,disk await avg 10.49 ms >= 5.00 ms,results/kafka_fs_bench_20260524_132814/raw/r1_ext4_scenario_a_dynamic_10240B_10000ops_measure.txt.gz,results/kafka_fs_bench_20260524_132814/monitor/r1_ext4_scenario_a_dynamic_10240B_10000ops_measure_iostat.txt.gz,results/kafka_fs_bench_20260524_132814/monitor/r1_ext4_scenario_a_dynamic_10240B_10000ops_measure_vmstat.txt.gz
ext4,10240,scenario_b_dynamic,1,10000,180,30,8,True,True,5,350480,2334.23,23.3,422342,0,21.93,12.34,43.6,183.43,295.28,507.81,30.006644736842105,99.6,10.123223684210526,34.67,0.0,10.123223684210526,0.0,22970.07157894737,11.401315789473685,55.5,29.625,3.473684210526316,False,disk await avg 10.12 ms >= 5.00 ms,results/kafka_fs_bench_20260524_132814/raw/r1_ext4_scenario_b_dynamic_10240B_10000ops_measure.txt.gz,results/kafka_fs_bench_20260524_132814/monitor/r1_ext4_scenario_b_dynamic_10240B_10000ops_measure_iostat.txt.gz,results/kafka_fs_bench_20260524_132814/monitor/r1_ext4_scenario_b_dynamic_10240B_10000ops_measure_vmstat.txt.gz
ext4,102400,scenario_a,1,1000,180,30,8,False,False,5,114281,761.28,76.1,136926,0,8.27,6.02,17.42,42.34,82.43,127.41,19.233576158940398,100.5,6.1087417218543045,21.43,0.0,6.1087417218543045,0.0,73166.15629139073,6.986754966887418,43.00662251655629,49.437086092715234,0.6291390728476821,False,disk await avg 6.11 ms >= 5.00 ms,results/kafka_fs_bench_20260524_132814/raw/r1_ext4_scenario_a_102400B_1000ops_measure.txt.gz,results/kafka_fs_bench_20260524_132814/monitor/r1_ext4_scenario_a_102400B_1000ops_measure_iostat.txt.gz,results/kafka_fs_bench_20260524_132814/monitor/r1_ext4_scenario_a_102400B_1000ops_measure_vmstat.txt.gz
ext4,102400,scenario_b,1,1000,180,30,8,True,False,5,112398,748.88,74.9,133881,0,8.52,5.78,18.35,48.26,87.82,169.97,19.04092715231788,101.5,5.7212582781456955,19.14,0.0,5.7212582781456955,0.0,75071.81350993378,10.66225165562914,43.735099337748345,45.0728476821192,0.4768211920529801,False,disk await avg 5.72 ms >= 5.00 ms,results/kafka_fs_bench_20260524_132814/raw/r1_ext4_scenario_b_102400B_1000ops_measure.txt.gz,results/kafka_fs_bench_20260524_132814/monitor/r1_ext4_scenario_b_102400B_1000ops_measure_iostat.txt.gz,results/kafka_fs_bench_20260524_132814/monitor/r1_ext4_scenario_b_102400B_1000ops_measure_vmstat.txt.gz
ext4,102400,scenario_a_dynamic,1,1000,180,30,8,False,True,5,111558,743.12,74.3,133112,0,13.05,7.36,27.22,104.79,219.58,425.12,34.8317880794702,100.1,9.812781456953642,26.72,0.0,9.812781456953642,0.0,75689.53642384105,8.57615894039735,46.0728476821192,41.66225165562914,3.7549668874172184,False,disk await avg 9.81 ms >= 5.00 ms,results/kafka_fs_bench_20260524_132814/raw/r1_ext4_scenario_a_dynamic_102400B_1000ops_measure.txt.gz,results/kafka_fs_bench_20260524_132814/monitor/r1_ext4_scenario_a_dynamic_102400B_1000ops_measure_iostat.txt.gz,results/kafka_fs_bench_20260524_132814/monitor/r1_ext4_scenario_a_dynamic_102400B_1000ops_measure_vmstat.txt.gz
ext4,102400,scenario_b_dynamic,1,1000,180,30,8,True,True,5,110735,737.77,73.8,132427,0,12.04,6.67,26.43,92.67,160.4,267.8,32.01304635761589,100.5,8.703774834437086,22.86,0.0,8.703774834437086,0.0,75058.18278145696,12.205298013245033,46.52317880794702,38.13245033112583,3.0927152317880795,False,disk await avg 8.70 ms >= 5.00 ms,results/kafka_fs_bench_20260524_132814/raw/r1_ext4_scenario_b_dynamic_102400B_1000ops_measure.txt.gz,results/kafka_fs_bench_20260524_132814/monitor/r1_ext4_scenario_b_dynamic_102400B_1000ops_measure_iostat.txt.gz,results/kafka_fs_bench_20260524_132814/monitor/r1_ext4_scenario_b_dynamic_102400B_1000ops_measure_vmstat.txt.gz
ext4,1024000,scenario_a,1,100,180,30,8,False,False,5,13988,93.18,93.2,16758,0,14.56,7.53,36.34,72.71,105.6,150.98,21.839868421052632,100.1,5.998684210526315,20.729999999999997,0.0,5.998684210526315,0.0,93154.35789473684,5.006622516556291,17.2317880794702,77.24503311258277,0.31788079470198677,False,disk await avg 6.00 ms >= 5.00 ms,results/kafka_fs_bench_20260524_132814/raw/r1_ext4_scenario_a_1024000B_100ops_measure.txt.gz,results/kafka_fs_bench_20260524_132814/monitor/r1_ext4_scenario_a_1024000B_100ops_measure_iostat.txt.gz,results/kafka_fs_bench_20260524_132814/monitor/r1_ext4_scenario_a_1024000B_100ops_measure_vmstat.txt.gz
ext4,1024000,scenario_b,1,100,180,30,8,True,False,5,13901,92.6,92.6,16633,0,16.16,9.87,36.44,84.95,137.28,196.46,20.994934210526317,100.8,5.602697368421053,17.2,0.019736842105263157,5.635592105263158,0.0,93713.71789473684,8.611842105263158,22.44736842105263,68.5,0.34210526315789475,False,disk await avg 5.60 ms >= 5.00 ms,results/kafka_fs_bench_20260524_132814/raw/r1_ext4_scenario_b_1024000B_100ops_measure.txt.gz,results/kafka_fs_bench_20260524_132814/monitor/r1_ext4_scenario_b_1024000B_100ops_measure_iostat.txt.gz,results/kafka_fs_bench_20260524_132814/monitor/r1_ext4_scenario_b_1024000B_100ops_measure_vmstat.txt.gz
ext4,1024000,scenario_a_dynamic,1,100,180,30,8,False,True,5,13932,92.81,92.8,16669,0,16.37,9.58,38.61,79.14,114.33,150.06,30.67993377483444,108.9,7.964966887417218,18.55,0.0728476821192053,7.964966887417218,0.0,95758.64794701987,6.543046357615894,21.655629139072847,69.00662251655629,2.728476821192053,False,disk await avg 7.96 ms >= 5.00 ms,results/kafka_fs_bench_20260524_132814/raw/r1_ext4_scenario_a_dynamic_1024000B_100ops_measure.txt.gz,results/kafka_fs_bench_20260524_132814/monitor/r1_ext4_scenario_a_dynamic_1024000B_100ops_measure_iostat.txt.gz,results/kafka_fs_bench_20260524_132814/monitor/r1_ext4_scenario_a_dynamic_1024000B_100ops_measure_vmstat.txt.gz
ext4,1024000,scenario_b_dynamic,1,100,180,30,8,True,True,5,13824,92.02,92.0,16536,0,18.5,12.16,40.31,94.16,143.47,177.27,30.011447368421052,100.0,8.079144736842105,18.41,0.019736842105263157,8.079144736842105,0.0,92090.81263157894,10.644736842105264,26.86842105263158,59.86842105263158,2.611842105263158,False,disk await avg 8.08 ms >= 5.00 ms,results/kafka_fs_bench_20260524_132814/raw/r1_ext4_scenario_b_dynamic_1024000B_100ops_measure.txt.gz,results/kafka_fs_bench_20260524_132814/monitor/r1_ext4_scenario_b_dynamic_1024000B_100ops_measure_iostat.txt.gz,results/kafka_fs_bench_20260524_132814/monitor/r1_ext4_scenario_b_dynamic_1024000B_100ops_measure_vmstat.txt.gz
f2fs,1024,scenario_a,1,100000,180,30,8,False,False,5,383101,2551.52,2.6,461279,0,11.25,9.3,23.42,40.51,57.39,93.09,0.6740131578947368,11.1,1.2657236842105264,14.22,0.0,1.2657236842105264,0.0,37.25473684210527,7.271523178807947,56.390728476821195,35.966887417218544,0.2847682119205298,False,,results/kafka_fs_bench_20260524_132814/raw/r1_f2fs_scenario_a_1024B_100000ops_measure.txt.gz,results/kafka_fs_bench_20260524_132814/monitor/r1_f2fs_scenario_a_1024B_100000ops_measure_iostat.txt.gz,results/kafka_fs_bench_20260524_132814/monitor/r1_f2fs_scenario_a_1024B_100000ops_measure_vmstat.txt.gz
f2fs,1024,scenario_b,1,100000,180,30,8,True,False,5,386017,2570.28,2.6,459448,0,11.45,8.97,24.01,47.77,96.02,192.96,3.3129605263157895,111.3,2.0148026315789473,23.3,0.15789473684210525,2.0148026315789473,0.0,2168.3873684210525,8.55921052631579,55.76315789473684,35.2828947368421,0.3815789473684211,False,,results/kafka_fs_bench_20260524_132814/raw/r1_f2fs_scenario_b_1024B_100000ops_measure.txt.gz,results/kafka_fs_bench_20260524_132814/monitor/r1_f2fs_scenario_b_1024B_100000ops_measure_iostat.txt.gz,results/kafka_fs_bench_20260524_132814/monitor/r1_f2fs_scenario_b_1024B_100000ops_measure_vmstat.txt.gz
f2fs,1024,scenario_a_dynamic,1,100000,180,30,8,False,True,5,363732,2421.94,2.4,439516,0,14.64,11.85,30.87,52.51,72.87,104.03,25.318223684210526,35.05,7.109342105263158,9.74,0.34210526315789475,7.109342105263158,0.0,1182.5852631578948,8.427631578947368,57.28947368421053,31.282894736842106,2.9671052631578947,False,disk await avg 7.11 ms >= 5.00 ms,results/kafka_fs_bench_20260524_132814/raw/r1_f2fs_scenario_a_dynamic_1024B_100000ops_measure.txt.gz,results/kafka_fs_bench_20260524_132814/monitor/r1_f2fs_scenario_a_dynamic_1024B_100000ops_measure_iostat.txt.gz,results/kafka_fs_bench_20260524_132814/monitor/r1_f2fs_scenario_a_dynamic_1024B_100000ops_measure_vmstat.txt.gz
f2fs,1024,scenario_b_dynamic,1,100000,180,30,8,True,True,5,357022,2377.55,2.4,434024,0,15.0,11.8,32.37,57.14,80.42,118.96,24.766184210526315,36.5,6.980921052631579,10.8,0.3223684210526316,6.980921052631579,0.0,1175.4442105263158,9.69078947368421,55.67763157894737,31.782894736842106,2.8552631578947367,False,disk await avg 6.98 ms >= 5.00 ms,results/kafka_fs_bench_20260524_132814/raw/r1_f2fs_scenario_b_dynamic_1024B_100000ops_measure.txt.gz,results/kafka_fs_bench_20260524_132814/monitor/r1_f2fs_scenario_b_dynamic_1024B_100000ops_measure_iostat.txt.gz,results/kafka_fs_bench_20260524_132814/monitor/r1_f2fs_scenario_b_dynamic_1024B_100000ops_measure_vmstat.txt.gz
f2fs,10240,scenario_a,1,10000,180,30,8,False,False,5,363493,2421.19,24.2,438285,0,13.75,10.21,29.9,61.66,98.16,153.58,15.423026315789473,100.4,5.737763157894737,22.53,0.05921052631578947,5.737763157894737,0.0,23701.55789473684,8.138157894736842,56.88815789473684,34.33552631578947,0.5986842105263158,False,disk await avg 5.74 ms >= 5.00 ms,results/kafka_fs_bench_20260524_132814/raw/r1_f2fs_scenario_a_10240B_10000ops_measure.txt.gz,results/kafka_fs_bench_20260524_132814/monitor/r1_f2fs_scenario_a_10240B_10000ops_measure_iostat.txt.gz,results/kafka_fs_bench_20260524_132814/monitor/r1_f2fs_scenario_a_10240B_10000ops_measure_vmstat.txt.gz
f2fs,10240,scenario_b,1,10000,180,30,8,True,False,5,370314,2462.95,24.6,445195,0,14.38,10.0,31.87,73.21,124.57,336.32,17.089802631578948,110.5,5.131776315789474,23.25,0.039473684210526314,5.131776315789474,0.0,27778.290526315788,10.552631578947368,55.69736842105263,33.10526315789474,0.5855263157894737,False,disk await avg 5.13 ms >= 5.00 ms,results/kafka_fs_bench_20260524_132814/raw/r1_f2fs_scenario_b_10240B_10000ops_measure.txt.gz,results/kafka_fs_bench_20260524_132814/monitor/r1_f2fs_scenario_b_10240B_10000ops_measure_iostat.txt.gz,results/kafka_fs_bench_20260524_132814/monitor/r1_f2fs_scenario_b_10240B_10000ops_measure_vmstat.txt.gz
f2fs,10240,scenario_a_dynamic,1,10000,180,30,8,False,True,5,341916,2277.1,22.8,414200,0,21.25,16.67,45.12,81.04,121.1,207.96,39.36565789473684,78.5,9.573486842105263,16.31,0.46710526315789475,9.573486842105263,0.0,23061.423157894737,9.282894736842104,56.55921052631579,30.55921052631579,3.6973684210526314,False,disk await avg 9.57 ms >= 5.00 ms,results/kafka_fs_bench_20260524_132814/raw/r1_f2fs_scenario_a_dynamic_10240B_10000ops_measure.txt.gz,results/kafka_fs_bench_20260524_132814/monitor/r1_f2fs_scenario_a_dynamic_10240B_10000ops_measure_iostat.txt.gz,results/kafka_fs_bench_20260524_132814/monitor/r1_f2fs_scenario_a_dynamic_10240B_10000ops_measure_vmstat.txt.gz
f2fs,10240,scenario_b_dynamic,1,10000,180,30,8,True,True,5,348689,2322.41,23.2,421141,0,20.6,15.7,44.97,81.26,118.85,189.49,38.45092105263158,71.39,9.521842105263158,14.13,0.42105263157894735,9.521842105263158,0.0,23790.686315789473,11.357615894039736,55.6953642384106,29.450331125827816,3.4304635761589406,False,disk await avg 9.52 ms >= 5.00 ms,results/kafka_fs_bench_20260524_132814/raw/r1_f2fs_scenario_b_dynamic_10240B_10000ops_measure.txt.gz,results/kafka_fs_bench_20260524_132814/monitor/r1_f2fs_scenario_b_dynamic_10240B_10000ops_measure_iostat.txt.gz,results/kafka_fs_bench_20260524_132814/monitor/r1_f2fs_scenario_b_dynamic_10240B_10000ops_measure_vmstat.txt.gz
f2fs,102400,scenario_a,1,1000,180,30,8,False,False,5,114147,759.71,76.0,136452,0,7.56,5.69,16.5,31.9,53.34,90.38,26.67888157894737,97.7,7.366233552631579,18.89,0.3717105263157895,7.366118421052631,0.06736842105263158,79397.79368421053,6.901315789473684,42.526315789473685,49.69736842105263,0.7631578947368421,False,disk await avg 7.37 ms >= 5.00 ms,results/kafka_fs_bench_20260524_132814/raw/r1_f2fs_scenario_a_102400B_1000ops_measure.txt.gz,results/kafka_fs_bench_20260524_132814/monitor/r1_f2fs_scenario_a_102400B_1000ops_measure_iostat.txt.gz,results/kafka_fs_bench_20260524_132814/monitor/r1_f2fs_scenario_a_102400B_1000ops_measure_vmstat.txt.gz
f2fs,102400,scenario_b,1,1000,180,30,8,True,False,5,112511,748.75,74.9,134128,0,7.5,5.42,16.48,33.36,55.57,112.22,25.76782894736842,98.22,7.514276315789473,24.22,0.5986842105263158,7.514276315789473,0.0,78664.96,10.618421052631579,43.953947368421055,44.82236842105263,0.7105263157894737,False,disk await avg 7.51 ms >= 5.00 ms,results/kafka_fs_bench_20260524_132814/raw/r1_f2fs_scenario_b_102400B_1000ops_measure.txt.gz,results/kafka_fs_bench_20260524_132814/monitor/r1_f2fs_scenario_b_102400B_1000ops_measure_iostat.txt.gz,results/kafka_fs_bench_20260524_132814/monitor/r1_f2fs_scenario_b_102400B_1000ops_measure_vmstat.txt.gz
f2fs,102400,scenario_a_dynamic,1,1000,180,30,8,False,True,5,110691,737.01,73.7,131993,0,9.99,7.41,21.99,43.72,70.03,123.22,48.30403973509934,100.4,9.658865225757792,16.92,0.48344370860927155,9.658874172185431,0.06781456953642384,75798.98913907284,8.52980132450331,47.741721854304636,40.00662251655629,3.7549668874172184,False,disk await avg 9.66 ms >= 5.00 ms,results/kafka_fs_bench_20260524_132814/raw/r1_f2fs_scenario_a_dynamic_102400B_1000ops_measure.txt.gz,results/kafka_fs_bench_20260524_132814/monitor/r1_f2fs_scenario_a_dynamic_102400B_1000ops_measure_iostat.txt.gz,results/kafka_fs_bench_20260524_132814/monitor/r1_f2fs_scenario_a_dynamic_102400B_1000ops_measure_vmstat.txt.gz
f2fs,102400,scenario_b_dynamic,1,1000,180,30,8,True,True,5,109588,730.21,73.0,130469,0,9.79,7.03,21.86,44.13,69.13,193.94,45.6717880794702,79.3,9.249074160673246,15.88,0.6423841059602649,9.24907284768212,0.06781456953642384,74822.45933774834,11.900662251655628,47.9271523178808,36.80794701986755,3.3112582781456954,False,disk await avg 9.25 ms >= 5.00 ms,results/kafka_fs_bench_20260524_132814/raw/r1_f2fs_scenario_b_dynamic_102400B_1000ops_measure.txt.gz,results/kafka_fs_bench_20260524_132814/monitor/r1_f2fs_scenario_b_dynamic_102400B_1000ops_measure_iostat.txt.gz,results/kafka_fs_bench_20260524_132814/monitor/r1_f2fs_scenario_b_dynamic_102400B_1000ops_measure_vmstat.txt.gz
f2fs,1024000,scenario_a,1,100,180,30,8,False,False,5,13983,93.12,93.1,16745,0,12.41,7.14,29.26,56.17,82.48,120.11,25.234802631578948,96.8,6.684868421052632,26.73,0.5263157894736842,6.684868421052632,0.0,93770.57684210526,5.0,16.38157894736842,77.96710526315789,0.5592105263157895,False,disk await avg 6.68 ms >= 5.00 ms,results/kafka_fs_bench_20260524_132814/raw/r1_f2fs_scenario_a_1024000B_100ops_measure.txt.gz,results/kafka_fs_bench_20260524_132814/monitor/r1_f2fs_scenario_a_1024000B_100ops_measure_iostat.txt.gz,results/kafka_fs_bench_20260524_132814/monitor/r1_f2fs_scenario_a_1024000B_100ops_measure_vmstat.txt.gz
f2fs,1024000,scenario_b,1,100,180,30,8,True,False,5,13898,92.55,92.6,16628,0,13.95,9.75,29.93,55.88,94.03,152.77,26.228355263157894,97.0,7.629471841118627,23.64,0.5296052631578947,7.629473684210526,0.06736842105263158,93301.08631578948,8.460526315789474,22.092105263157894,68.74342105263158,0.5657894736842105,False,disk await avg 7.63 ms >= 5.00 ms,results/kafka_fs_bench_20260524_132814/raw/r1_f2fs_scenario_b_1024000B_100ops_measure.txt.gz,results/kafka_fs_bench_20260524_132814/monitor/r1_f2fs_scenario_b_1024000B_100ops_measure_iostat.txt.gz,results/kafka_fs_bench_20260524_132814/monitor/r1_f2fs_scenario_b_1024000B_100ops_measure_vmstat.txt.gz
f2fs,1024000,scenario_a_dynamic,1,100,180,30,8,False,True,5,13874,92.44,92.4,16621,0,15.72,10.34,35.48,66.02,94.82,125.71,39.20880794701987,78.42,8.308006477384644,20.26,0.8278145695364238,8.308013245033113,0.06781456953642384,94079.28794701987,6.701986754966887,22.28476821192053,68.41721854304636,2.6887417218543046,False,disk await avg 8.31 ms >= 5.00 ms,results/kafka_fs_bench_20260524_132814/raw/r1_f2fs_scenario_a_dynamic_1024000B_100ops_measure.txt.gz,results/kafka_fs_bench_20260524_132814/monitor/r1_f2fs_scenario_a_dynamic_1024000B_100ops_measure_iostat.txt.gz,results/kafka_fs_bench_20260524_132814/monitor/r1_f2fs_scenario_a_dynamic_1024000B_100ops_measure_vmstat.txt.gz
f2fs,1024000,scenario_b_dynamic,1,100,180,30,8,True,True,5,13810,91.97,92.0,16529,0,17.21,12.76,36.06,65.27,103.38,147.32,41.50370860927152,83.47,8.415761589403974,17.81,0.7748344370860927,8.415761589403974,0.0,93693.89774834437,10.735099337748345,28.774834437086092,57.741721854304636,2.834437086092715,False,disk await avg 8.42 ms >= 5.00 ms,results/kafka_fs_bench_20260524_132814/raw/r1_f2fs_scenario_b_dynamic_1024000B_100ops_measure.txt.gz,results/kafka_fs_bench_20260524_132814/monitor/r1_f2fs_scenario_b_dynamic_1024000B_100ops_measure_iostat.txt.gz,results/kafka_fs_bench_20260524_132814/monitor/r1_f2fs_scenario_b_dynamic_1024000B_100ops_measure_vmstat.txt.gz
