filesystem,record_size,scenario,round,profile,phase,occupancy_target_pct,fs_used_pct_before,fs_used_pct_after,valid,run_state,invalid_reasons,java_exit_code,target_ops,measure_sec,drain_timeout_sec,warmup_sec,producers,use_consumer,dynamic_topics,dynamic_topic_rate,max_in_flight_records,max_catch_up_records,max_schedule_lag_limit_ms,sent_requests,sent_ops,ack_window_requests,ack_window_ops,eventual_ack_requests,eventual_ack_ops,outstanding_at_end,failed_requests,unresolved_after_drain,latency_dropped_samples,backpressure_wait_count,backpressure_wait_ms,max_observed_outstanding,catch_up_resets,catch_up_records_skipped,max_schedule_lag_ms,ack_stall_count,ack_stall_total_sec,ack_stall_max_sec,consumer_records,producer_acked_records,consumer_record_delta,consumer_drain_completed,malformed_headers,payload_crc_errors,sequence_gaps,duplicate_records,out_of_order_records,total_requests,achieved_ops,achieved_pct,total_sent,send_errors,drain_time_sec,drain_completed,app_avg_ms,app_p50_ms,app_p90_ms,app_p99_ms,app_p999_ms,app_max_ms,mapper_util_avg,mapper_await_avg,mapper_wkB_s_avg,raw_util_avg,raw_await_avg,raw_wkB_s_avg,cpu_us_avg,cpu_sy_avg,cpu_id_avg,cpu_wa_avg,bottleneck,bottleneck_reasons,topics_created,topics_failed,final_topic_count,topic_first_failure_elapsed_ms,topic_first_failure,raw_output_path,iostat_path,vmstat_path
ext4,1024,scenario_a,1,latency,occupancy,20,19.997876509599273,27.011724136984686,True,BACKPRESSURED,,0,20000,60,180,20,8,False,False,5,1000,10,100,1151718,19195.3,1151713,19195.22,1151718,19195.3,0,0,0,0,18353,51108.03,1002,3792,118204,2357.83,1,1,1,-1,-1,0,True,0,0,0,0,0,1151718,19195.3,96.0,1479993,0,0.03,True,2.84,0.32,0.58,14.18,86.49,2402.92,9.649833333333333,53958.0545,16288.938666666667,10.583333333333334,58.09316666666667,16443.904,39.43333333333333,26.666666666666668,31.0,2.65,False,disk await avg 53958.05 ms >= 5.00 ms,0,0,1,-1,none,results/kafka_fs_bench_20260906_105748/raw/r1_ext4_scenario_a_1024B_20000ops_occupancy_used20pct.txt.gz,results/kafka_fs_bench_20260906_105748/monitor/r1_ext4_scenario_a_1024B_20000ops_occupancy_used20pct_iostat.txt.gz,results/kafka_fs_bench_20260906_105748/monitor/r1_ext4_scenario_a_1024B_20000ops_occupancy_used20pct_vmstat.txt.gz
ext4,1024,scenario_a,1,latency,occupancy,40,39.99853173846282,39.884055365809814,True,STALLED,,0,20000,60,180,20,8,False,False,5,1000,10,100,1131518,18858.63,1131497,18858.28,1131518,18858.63,0,0,0,0,22520,57228.99,1003,4011,127451,3342.86,1,3,3,-1,-1,0,True,0,0,0,0,0,1131518,18858.63,94.3,1470635,0,0.03,True,3.92,0.35,0.8,17.91,72.35,3399.72,13.889666666666667,65997.35566666667,21582.165333333334,13.87,43.024166666666666,22021.461333333333,39.13333333333333,28.016666666666666,27.4,5.2,False,cpu iowait avg 5.20% >= 5.00% | disk await avg 65997.36 ms >= 5.00 ms,0,0,2,-1,none,results/kafka_fs_bench_20260906_105748/raw/r1_ext4_scenario_a_1024B_20000ops_occupancy_used40pct.txt.gz,results/kafka_fs_bench_20260906_105748/monitor/r1_ext4_scenario_a_1024B_20000ops_occupancy_used40pct_iostat.txt.gz,results/kafka_fs_bench_20260906_105748/monitor/r1_ext4_scenario_a_1024B_20000ops_occupancy_used40pct_vmstat.txt.gz
ext4,1024,scenario_a,1,latency,occupancy,60,60.000061749316984,59.97664846662724,True,BACKPRESSURED,,0,20000,60,180,20,8,False,False,5,1000,10,100,1118047,18634.12,1118033,18633.88,1118047,18634.12,0,0,0,0,47154,76347.9,1004,5227,158567,603.1,0,0,0,-1,-1,0,True,0,0,0,0,0,1118047,18634.12,93.2,1438961,0,0.0,True,8.77,0.46,7.83,190.42,638.0,790.61,13.600166666666667,19168.464333333333,23258.282666666666,27.0445,11.508091958157882,37640.53333333333,40.666666666666664,30.766666666666666,25.1,3.033333333333333,False,disk await avg 19168.46 ms >= 5.00 ms,0,0,2,-1,none,results/kafka_fs_bench_20260906_105748/raw/r1_ext4_scenario_a_1024B_20000ops_occupancy_used60pct.txt.gz,results/kafka_fs_bench_20260906_105748/monitor/r1_ext4_scenario_a_1024B_20000ops_occupancy_used60pct_iostat.txt.gz,results/kafka_fs_bench_20260906_105748/monitor/r1_ext4_scenario_a_1024B_20000ops_occupancy_used60pct_vmstat.txt.gz
ext4,1024,scenario_a,1,latency,occupancy,80,79.99702917174955,80.23388926014712,True,BACKPRESSURED,,0,20000,60,180,20,8,False,False,5,1000,10,100,1164688,19411.47,1164681,19411.35,1164688,19411.47,0,0,0,0,40737,57577.12,1003,4893,113075,877.59,0,0,0,-1,-1,0,True,0,0,0,0,0,1164688,19411.47,97.1,1484598,0,0.02,True,4.15,0.43,2.24,74.26,499.67,1065.35,16.19333333333333,209085.40666666665,24037.54666666667,66.64666666666666,2.0405667813454222,99641.856,42.9,29.166666666666668,23.85,3.7333333333333334,False,disk await avg 209085.41 ms >= 5.00 ms,0,0,2,-1,none,results/kafka_fs_bench_20260906_105748/raw/r1_ext4_scenario_a_1024B_20000ops_occupancy_used80pct.txt.gz,results/kafka_fs_bench_20260906_105748/monitor/r1_ext4_scenario_a_1024B_20000ops_occupancy_used80pct_iostat.txt.gz,results/kafka_fs_bench_20260906_105748/monitor/r1_ext4_scenario_a_1024B_20000ops_occupancy_used80pct_vmstat.txt.gz
ext4,1024,scenario_b,1,latency,occupancy,20,19.997464847486047,27.08371354903513,True,BACKPRESSURED,,0,20000,60,180,20,8,True,False,5,1000,10,100,1197687,19961.45,1197681,19961.35,1197687,19961.45,0,0,0,0,33050,51843.83,1004,4840,103038,573.19,0,0,0,1494661,1494661,0,True,0,0,0,0,0,1197687,19961.45,99.8,1494661,0,0.01,True,1.34,0.42,1.76,17.94,91.57,114.33,8.686666666666667,282.53683333333333,12038.997333333333,7.833333333333333,69.8745,12135.082666666667,45.916666666666664,25.983333333333334,27.266666666666666,0.48333333333333334,False,disk await avg 282.54 ms >= 5.00 ms,0,0,2,-1,none,results/kafka_fs_bench_20260906_105748/raw/r1_ext4_scenario_b_1024B_20000ops_occupancy_used20pct.txt.gz,results/kafka_fs_bench_20260906_105748/monitor/r1_ext4_scenario_b_1024B_20000ops_occupancy_used20pct_iostat.txt.gz,results/kafka_fs_bench_20260906_105748/monitor/r1_ext4_scenario_b_1024B_20000ops_occupancy_used20pct_vmstat.txt.gz
ext4,1024,scenario_b,1,latency,occupancy,40,39.88444987533499,39.75654302623797,True,STALLED,,0,20000,60,180,20,8,True,False,5,1000,10,100,1115343,18589.05,1115337,18588.95,1115343,18589.05,0,0,0,0,32691,73218.56,1004,5200,153769,3001.97,1,2,2,1443730,1443730,0,True,0,0,0,0,0,1115343,18589.05,92.9,1443730,0,0.03,True,5.72,0.42,2.03,56.54,1132.06,3122.92,14.273333333333333,583.0551666666667,21927.082666666665,14.493333333333334,87.13633333333333,22102.698666666667,41.233333333333334,25.483333333333334,28.716666666666665,4.25,False,disk await avg 583.06 ms >= 5.00 ms,0,0,2,-1,none,results/kafka_fs_bench_20260906_105748/raw/r1_ext4_scenario_b_1024B_20000ops_occupancy_used40pct.txt.gz,results/kafka_fs_bench_20260906_105748/monitor/r1_ext4_scenario_b_1024B_20000ops_occupancy_used40pct_iostat.txt.gz,results/kafka_fs_bench_20260906_105748/monitor/r1_ext4_scenario_b_1024B_20000ops_occupancy_used40pct_vmstat.txt.gz
ext4,1024,scenario_b,1,latency,occupancy,60,59.97704297615241,59.95551647814829,True,BACKPRESSURED,,0,20000,60,180,20,8,True,False,5,1000,10,100,1124172,18736.2,1124163,18736.05,1124172,18736.2,0,0,0,0,58111,87683.61,1004,6738,162417,1549.99,1,1,1,1434475,1434475,0,True,0,0,0,0,0,1124172,18736.2,93.7,1434475,0,0.0,True,7.74,0.48,5.63,110.33,1345.15,1749.73,19.72,70648.44783333334,24686.421333333332,72.02,1.8405101478850368,104944.128,40.13333333333333,30.4,23.066666666666666,6.15,False,cpu iowait avg 6.15% >= 5.00% | disk await avg 70648.45 ms >= 5.00 ms,0,0,2,-1,none,results/kafka_fs_bench_20260906_105748/raw/r1_ext4_scenario_b_1024B_20000ops_occupancy_used60pct.txt.gz,results/kafka_fs_bench_20260906_105748/monitor/r1_ext4_scenario_b_1024B_20000ops_occupancy_used60pct_iostat.txt.gz,results/kafka_fs_bench_20260906_105748/monitor/r1_ext4_scenario_b_1024B_20000ops_occupancy_used60pct_vmstat.txt.gz
ext4,1024,scenario_b,1,latency,occupancy,80,80.2342837696723,80.09913852841773,True,BACKPRESSURED,,0,20000,60,180,20,8,True,False,5,1000,10,100,1149280,19154.67,1149272,19154.53,1149280,19154.67,0,0,0,0,32825,60205.06,1003,6596,140694,560.36,0,0,0,1456188,1456188,0,True,0,0,0,0,0,1149280,19154.67,95.8,1456188,0,0.0,True,4.7,0.44,3.12,82.78,458.5,904.06,15.639166666666666,24612.649166666666,21554.517333333333,77.70333333333333,61.21374660449582,68513.792,41.85,27.75,26.483333333333334,3.6333333333333333,False,disk await avg 24612.65 ms >= 5.00 ms,0,0,2,-1,none,results/kafka_fs_bench_20260906_105748/raw/r1_ext4_scenario_b_1024B_20000ops_occupancy_used80pct.txt.gz,results/kafka_fs_bench_20260906_105748/monitor/r1_ext4_scenario_b_1024B_20000ops_occupancy_used80pct_iostat.txt.gz,results/kafka_fs_bench_20260906_105748/monitor/r1_ext4_scenario_b_1024B_20000ops_occupancy_used80pct_vmstat.txt.gz
ext4,10240,scenario_a,1,latency,occupancy,20,19.997876509599273,26.75548162408937,True,BACKPRESSURED,,0,2000,60,180,20,8,False,False,5,1000,10,100,116769,1946.15,116769,1946.15,116769,1946.15,0,0,0,0,8,12942.72,1000,16,4277,1621.58,1,1,1,-1,-1,0,True,0,0,0,0,0,116769,1946.15,97.3,155711,0,0.02,True,18.89,0.63,0.76,470.05,2060.06,2111.54,9.933333333333334,22639.437166666667,21038.250666666667,13.786666666666667,44.58383333333333,21168.128,3.9,4.15,89.05,2.3666666666666667,False,disk await avg 22639.44 ms >= 5.00 ms,0,0,1,-1,none,results/kafka_fs_bench_20260906_105748/raw/r1_ext4_scenario_a_10240B_2000ops_occupancy_used20pct.txt.gz,results/kafka_fs_bench_20260906_105748/monitor/r1_ext4_scenario_a_10240B_2000ops_occupancy_used20pct_iostat.txt.gz,results/kafka_fs_bench_20260906_105748/monitor/r1_ext4_scenario_a_10240B_2000ops_occupancy_used20pct_vmstat.txt.gz
ext4,10240,scenario_a,1,latency,occupancy,40,39.99830875481816,40.05978363039329,True,NOT_SATURATED,,0,2000,60,180,20,8,False,False,5,1000,10,100,120000,2000.0,120000,2000.0,120000,2000.0,0,0,0,0,0,0.0,864,8,1104,554.67,0,0,0,-1,-1,0,True,0,0,0,0,0,120000,2000.0,100.0,158896,0,0.02,True,2.98,0.63,0.79,69.76,381.24,443.63,14.433333333333334,76888.20033333334,23091.370666666666,15.08,56.98083333333333,23536.298666666666,1.3666666666666667,3.15,92.38333333333334,2.55,False,disk await avg 76888.20 ms >= 5.00 ms,0,0,2,-1,none,results/kafka_fs_bench_20260906_105748/raw/r1_ext4_scenario_a_10240B_2000ops_occupancy_used40pct.txt.gz,results/kafka_fs_bench_20260906_105748/monitor/r1_ext4_scenario_a_10240B_2000ops_occupancy_used40pct_iostat.txt.gz,results/kafka_fs_bench_20260906_105748/monitor/r1_ext4_scenario_a_10240B_2000ops_occupancy_used40pct_vmstat.txt.gz
ext4,10240,scenario_a,1,latency,occupancy,60,59.996528316178455,60.241484426136154,True,BACKPRESSURED,,0,2000,60,180,20,8,False,False,5,1000,10,100,116735,1945.58,116730,1945.5,116735,1945.58,0,0,0,0,11,11702.01,1000,31,4429,1460.55,0,0,0,-1,-1,0,True,0,0,0,0,0,116735,1945.58,97.3,155557,0,0.03,True,16.11,0.6,0.76,54.74,1976.47,2036.45,15.9155,9929.406666666668,22015.82933333333,77.7695,49.86446380958994,95815.85066666667,9.883333333333333,11.25,69.01666666666667,9.483333333333333,False,cpu iowait avg 9.48% >= 5.00% | disk await avg 9929.41 ms >= 5.00 ms,0,0,2,-1,none,results/kafka_fs_bench_20260906_105748/raw/r1_ext4_scenario_a_10240B_2000ops_occupancy_used60pct.txt.gz,results/kafka_fs_bench_20260906_105748/monitor/r1_ext4_scenario_a_10240B_2000ops_occupancy_used60pct_iostat.txt.gz,results/kafka_fs_bench_20260906_105748/monitor/r1_ext4_scenario_a_10240B_2000ops_occupancy_used60pct_vmstat.txt.gz
ext4,10240,scenario_a,1,latency,occupancy,80,79.99644598375582,80.38419738923888,True,NOT_SATURATED,,0,2000,60,180,20,8,False,False,5,1000,10,100,119744,1995.73,119742,1995.7,119744,1995.73,0,0,0,0,0,0.0,481,13,1313,476.74,0,0,0,-1,-1,0,True,0,0,0,0,0,119744,1995.73,99.8,158683,0,0.05,True,1.85,0.58,0.72,8.38,246.13,328.35,17.466666666666665,789.3249999999999,23783.082666666665,87.10266666666666,80.33506311075182,122788.52266666667,1.9166666666666667,4.433333333333334,80.35,12.85,False,cpu iowait avg 12.85% >= 5.00% | disk await avg 789.32 ms >= 5.00 ms,0,0,2,-1,none,results/kafka_fs_bench_20260906_105748/raw/r1_ext4_scenario_a_10240B_2000ops_occupancy_used80pct.txt.gz,results/kafka_fs_bench_20260906_105748/monitor/r1_ext4_scenario_a_10240B_2000ops_occupancy_used80pct_iostat.txt.gz,results/kafka_fs_bench_20260906_105748/monitor/r1_ext4_scenario_a_10240B_2000ops_occupancy_used80pct_vmstat.txt.gz
ext4,10240,scenario_b,1,latency,occupancy,20,19.997464847486047,26.83318284796083,True,BACKPRESSURED,,0,2000,60,180,20,8,True,False,5,1000,10,100,118380,1973.0,118377,1972.95,118380,1973.0,0,0,0,0,12,6508.58,1000,16,2552,809.56,0,0,0,157443,157443,0,True,0,0,0,0,0,118380,1973.0,98.7,157443,0,0.02,True,12.42,0.57,0.71,292.41,1531.13,1612.94,9.873333333333333,345480.7141666666,21056.170666666665,14.58,93.72566666666667,21485.056,15.316666666666666,19.0,62.916666666666664,2.566666666666667,False,disk await avg 345480.71 ms >= 5.00 ms,0,0,2,-1,none,results/kafka_fs_bench_20260906_105748/raw/r1_ext4_scenario_b_10240B_2000ops_occupancy_used20pct.txt.gz,results/kafka_fs_bench_20260906_105748/monitor/r1_ext4_scenario_b_10240B_2000ops_occupancy_used20pct_iostat.txt.gz,results/kafka_fs_bench_20260906_105748/monitor/r1_ext4_scenario_b_10240B_2000ops_occupancy_used20pct_vmstat.txt.gz
ext4,10240,scenario_b,1,latency,occupancy,40,40.06017813991846,39.66959655740697,True,STALLED,,0,2000,60,180,20,8,True,False,5,1000,10,100,110827,1847.12,110827,1847.12,110827,1847.12,0,0,0,0,18,36769.37,1000,24,10111,2510.91,2,3,2,149883,149883,0,True,0,0,0,0,0,110827,1847.12,92.4,149883,0,0.02,True,48.0,0.6,0.77,2543.62,3034.58,3085.2,13.44,248944.5323333333,20401.834666666666,13.459999999999999,107.48916666666666,20564.138666666666,11.75,9.166666666666666,72.01666666666667,6.5,False,cpu iowait avg 6.50% >= 5.00% | disk await avg 248944.53 ms >= 5.00 ms,0,0,2,-1,none,results/kafka_fs_bench_20260906_105748/raw/r1_ext4_scenario_b_10240B_2000ops_occupancy_used40pct.txt.gz,results/kafka_fs_bench_20260906_105748/monitor/r1_ext4_scenario_b_10240B_2000ops_occupancy_used40pct_iostat.txt.gz,results/kafka_fs_bench_20260906_105748/monitor/r1_ext4_scenario_b_10240B_2000ops_occupancy_used40pct_vmstat.txt.gz
ext4,10240,scenario_b,1,latency,occupancy,60,60.241878935661326,59.990027485307095,True,STALLED,,0,2000,60,180,20,8,True,False,5,1000,10,100,110699,1844.98,109699,1828.32,110699,1844.98,1000,0,0,0,16,64917.46,1000,33,6392,2377.74,2,3,2,149753,149753,0,True,0,0,0,0,0,110699,1844.98,92.2,149753,0,3.96,True,80.17,0.58,0.75,2835.28,6298.38,6354.12,8.986666666666666,12378.722,21470.890666666666,69.78666666666666,24.393862312763847,77908.82133333333,4.083333333333333,5.933333333333334,77.63333333333334,11.816666666666666,False,cpu iowait avg 11.82% >= 5.00% | disk await avg 12378.72 ms >= 5.00 ms,0,0,2,-1,none,results/kafka_fs_bench_20260906_105748/raw/r1_ext4_scenario_b_10240B_2000ops_occupancy_used60pct.txt.gz,results/kafka_fs_bench_20260906_105748/monitor/r1_ext4_scenario_b_10240B_2000ops_occupancy_used60pct_iostat.txt.gz,results/kafka_fs_bench_20260906_105748/monitor/r1_ext4_scenario_b_10240B_2000ops_occupancy_used60pct_vmstat.txt.gz
ext4,10240,scenario_b,1,latency,occupancy,80,80.38459189876406,80.23821171233601,True,BACKPRESSURED,,0,2000,60,180,20,8,True,False,5,1000,10,100,116647,1944.12,116646,1944.1,116647,1944.12,0,0,0,0,16,9449.04,1000,46,4639,612.3,0,0,0,155342,155342,0,True,0,0,0,0,0,116647,1944.12,97.2,155342,0,0.0,True,22.46,0.63,0.87,874.33,1065.13,1116.58,12.4435,186612.64299999998,21535.914666666667,79.39216666666667,9.450039767232244,115058.176,3.8833333333333333,7.05,76.88333333333334,11.766666666666667,False,cpu iowait avg 11.77% >= 5.00% | disk await avg 186612.64 ms >= 5.00 ms,0,0,2,-1,none,results/kafka_fs_bench_20260906_105748/raw/r1_ext4_scenario_b_10240B_2000ops_occupancy_used80pct.txt.gz,results/kafka_fs_bench_20260906_105748/monitor/r1_ext4_scenario_b_10240B_2000ops_occupancy_used80pct_iostat.txt.gz,results/kafka_fs_bench_20260906_105748/monitor/r1_ext4_scenario_b_10240B_2000ops_occupancy_used80pct_vmstat.txt.gz
ext4,102400,scenario_a,1,latency,occupancy,20,19.997876509599273,26.829186294944925,True,NOT_SATURATED,,0,200,60,180,20,8,False,False,5,1000,10,100,12000,200.0,12000,200.0,12000,200.0,0,0,0,0,0,0.0,138,8,88,465.51,0,0,0,-1,-1,0,True,0,0,0,0,0,12000,200.0,100.0,15912,0,0.06,True,11.82,1.66,2.47,488.57,982.82,1060.61,10.36,357042.58616666665,22155.946666666667,14.36,111.0495,22332.586666666666,3.0166666666666666,2.8,90.48333333333333,3.2666666666666666,False,disk await avg 357042.59 ms >= 5.00 ms,0,0,1,-1,none,results/kafka_fs_bench_20260906_105748/raw/r1_ext4_scenario_a_102400B_200ops_occupancy_used20pct.txt.gz,results/kafka_fs_bench_20260906_105748/monitor/r1_ext4_scenario_a_102400B_200ops_occupancy_used20pct_iostat.txt.gz,results/kafka_fs_bench_20260906_105748/monitor/r1_ext4_scenario_a_102400B_200ops_occupancy_used20pct_vmstat.txt.gz
ext4,102400,scenario_a,1,latency,occupancy,40,39.99688509000992,39.999818182566656,True,NOT_SATURATED,,0,200,60,180,20,8,False,False,5,1000,10,100,12000,200.0,12000,200.0,12000,200.0,0,0,0,0,0,0.0,67,8,80,433.57,0,0,0,-1,-1,0,True,0,0,0,0,0,12000,200.0,100.0,15920,0,0.06,True,3.14,1.56,2.4,7.07,421.19,499.92,14.631666666666666,5263.8945,21709.824,14.097666666666667,52.2975,22205.44,2.816666666666667,2.1166666666666667,92.65,2.033333333333333,False,disk await avg 5263.89 ms >= 5.00 ms,0,0,2,-1,none,results/kafka_fs_bench_20260906_105748/raw/r1_ext4_scenario_a_102400B_200ops_occupancy_used40pct.txt.gz,results/kafka_fs_bench_20260906_105748/monitor/r1_ext4_scenario_a_102400B_200ops_occupancy_used40pct_iostat.txt.gz,results/kafka_fs_bench_20260906_105748/monitor/r1_ext4_scenario_a_102400B_200ops_occupancy_used40pct_vmstat.txt.gz
ext4,102400,scenario_a,1,latency,occupancy,60,59.99832933792382,59.97970162730034,True,NOT_SATURATED,,0,200,60,180,20,8,False,False,5,1000,10,100,11966,199.43,11965,199.42,11966,199.43,0,0,0,0,0,0.0,385,18,126,501.13,1,1,1,-1,-1,0,True,0,0,0,0,0,11966,199.43,99.7,15870,0,0.01,True,46.46,1.62,3.04,1370.14,1879.28,1927.32,17.41283333333333,48335.956999999995,21633.365333333335,50.99516666666667,43.537013412530285,75280.384,5.033333333333333,8.033333333333333,77.2,9.333333333333334,False,cpu iowait avg 9.33% >= 5.00% | disk await avg 48335.96 ms >= 5.00 ms,0,0,2,-1,none,results/kafka_fs_bench_20260906_105748/raw/r1_ext4_scenario_a_102400B_200ops_occupancy_used60pct.txt.gz,results/kafka_fs_bench_20260906_105748/monitor/r1_ext4_scenario_a_102400B_200ops_occupancy_used60pct_iostat.txt.gz,results/kafka_fs_bench_20260906_105748/monitor/r1_ext4_scenario_a_102400B_200ops_occupancy_used60pct_vmstat.txt.gz
ext4,102400,scenario_a,1,latency,occupancy,80,79.99948199184085,79.99353004378713,True,NOT_SATURATED,,0,200,60,180,20,8,False,False,5,1000,10,100,11981,199.68,11981,199.68,11981,199.68,0,0,0,0,0,0.0,166,12,118,500.34,0,0,0,-1,-1,0,True,0,0,0,0,0,11981,199.68,99.8,15879,0,0.0,True,5.42,1.67,2.3,41.36,657.55,728.78,8.266666666666666,130.92016666666666,21803.008,95.86,78.2309536443208,103921.49333333333,6.433333333333334,4.783333333333333,76.06666666666666,12.383333333333333,False,cpu iowait avg 12.38% >= 5.00% | disk await avg 130.92 ms >= 5.00 ms,0,0,2,-1,none,results/kafka_fs_bench_20260906_105748/raw/r1_ext4_scenario_a_102400B_200ops_occupancy_used80pct.txt.gz,results/kafka_fs_bench_20260906_105748/monitor/r1_ext4_scenario_a_102400B_200ops_occupancy_used80pct_iostat.txt.gz,results/kafka_fs_bench_20260906_105748/monitor/r1_ext4_scenario_a_102400B_200ops_occupancy_used80pct_vmstat.txt.gz
ext4,102400,scenario_b,1,latency,occupancy,20,19.997464847486047,26.831776335740642,True,NOT_SATURATED,,0,200,60,180,20,8,True,False,5,1000,10,100,12000,200.0,12000,200.0,12000,200.0,0,0,0,0,0,0.0,24,8,88,467.48,0,0,0,15912,15912,0,True,0,0,0,0,0,12000,200.0,100.0,15912,0,0.05,True,1.55,1.48,2.08,2.85,11.32,14.83,14.46,45907.308333333334,20850.005333333334,13.62,43.91116666666667,21277.013333333332,4.5,3.6666666666666665,89.98333333333333,1.4166666666666667,False,disk await avg 45907.31 ms >= 5.00 ms,0,0,2,-1,none,results/kafka_fs_bench_20260906_105748/raw/r1_ext4_scenario_b_102400B_200ops_occupancy_used20pct.txt.gz,results/kafka_fs_bench_20260906_105748/monitor/r1_ext4_scenario_b_102400B_200ops_occupancy_used20pct_iostat.txt.gz,results/kafka_fs_bench_20260906_105748/monitor/r1_ext4_scenario_b_102400B_200ops_occupancy_used20pct_vmstat.txt.gz
ext4,102400,scenario_b,1,latency,occupancy,40,40.000212692091836,39.996336207192286,True,NOT_SATURATED,,0,200,60,180,20,8,True,False,5,1000,10,100,12000,200.0,12000,200.0,12000,200.0,0,0,0,0,0,0.0,352,8,88,449.83,1,1,1,15912,15912,0,True,0,0,0,0,0,12000,200.0,100.0,15912,0,0.02,True,32.97,1.37,2.16,1203.14,1718.22,1762.28,10.173333333333334,106098.75333333334,19400.703999999998,12.766666666666667,83.9795,19555.328,6.133333333333334,6.683333333333334,82.23333333333333,4.516666666666667,False,disk await avg 106098.75 ms >= 5.00 ms,0,0,2,-1,none,results/kafka_fs_bench_20260906_105748/raw/r1_ext4_scenario_b_102400B_200ops_occupancy_used40pct.txt.gz,results/kafka_fs_bench_20260906_105748/monitor/r1_ext4_scenario_b_102400B_200ops_occupancy_used40pct_iostat.txt.gz,results/kafka_fs_bench_20260906_105748/monitor/r1_ext4_scenario_b_102400B_200ops_occupancy_used40pct_vmstat.txt.gz
ext4,102400,scenario_b,1,latency,occupancy,60,59.98009613682551,59.988672430851054,True,NOT_SATURATED,,0,200,60,180,20,8,True,False,5,1000,10,100,11996,199.93,11995,199.92,11996,199.93,0,0,0,0,0,0.0,618,12,107,448.98,0,0,0,15891,15891,0,True,0,0,0,0,0,11996,199.93,100.0,15891,0,0.0,True,94.87,1.41,1.99,2801.41,3395.65,3457.13,13.493333333333334,214498.12033333333,18421.248,80.73683333333334,2.6650045031249037,83088.384,4.866666666666666,7.65,73.88333333333334,13.116666666666667,False,cpu iowait avg 13.12% >= 5.00% | disk await avg 214498.12 ms >= 5.00 ms,0,0,2,-1,none,results/kafka_fs_bench_20260906_105748/raw/r1_ext4_scenario_b_102400B_200ops_occupancy_used60pct.txt.gz,results/kafka_fs_bench_20260906_105748/monitor/r1_ext4_scenario_b_102400B_200ops_occupancy_used60pct_iostat.txt.gz,results/kafka_fs_bench_20260906_105748/monitor/r1_ext4_scenario_b_102400B_200ops_occupancy_used60pct_vmstat.txt.gz
ext4,102400,scenario_b,1,latency,occupancy,80,79.9939245533123,79.96932774204703,True,NOT_SATURATED,,0,200,60,180,20,8,True,False,5,1000,10,100,11946,199.1,11944,199.07,11946,199.1,0,0,0,0,0,0.0,332,24,170,414.91,0,0,0,15822,15822,0,True,0,0,0,0,0,11946,199.1,99.6,15822,0,0.03,True,34.04,1.43,2.12,1448.4,2136.32,2201.63,14.006666666666668,191992.67166666666,21473.962666666666,76.00666666666666,30.746096328100503,96056.49066666666,5.733333333333333,7.783333333333333,75.55,10.55,False,cpu iowait avg 10.55% >= 5.00% | disk await avg 191992.67 ms >= 5.00 ms,0,0,2,-1,none,results/kafka_fs_bench_20260906_105748/raw/r1_ext4_scenario_b_102400B_200ops_occupancy_used80pct.txt.gz,results/kafka_fs_bench_20260906_105748/monitor/r1_ext4_scenario_b_102400B_200ops_occupancy_used80pct_iostat.txt.gz,results/kafka_fs_bench_20260906_105748/monitor/r1_ext4_scenario_b_102400B_200ops_occupancy_used80pct_vmstat.txt.gz
ext4,1024000,scenario_a,1,latency,occupancy,20,19.997876509599273,26.85973505426393,True,NOT_SATURATED,,0,20,60,180,20,8,False,False,5,1000,10,100,1200,20.0,1200,20.0,1200,20.0,0,0,0,0,0,0.0,43,4,4,196.09,0,0,0,-1,-1,0,True,0,0,0,0,0,1200,20.0,100.0,1600,0,0.2,True,56.19,6.54,9.51,1667.25,2156.23,2158.26,9.626666666666667,1536536.1571666666,20828.16,14.086666666666666,0.6338333333333332,20679.338666666667,2.6333333333333333,3.8666666666666667,91.33333333333333,1.6833333333333333,False,disk await avg 1536536.16 ms >= 5.00 ms,0,0,1,-1,none,results/kafka_fs_bench_20260906_105748/raw/r1_ext4_scenario_a_1024000B_20ops_occupancy_used20pct.txt.gz,results/kafka_fs_bench_20260906_105748/monitor/r1_ext4_scenario_a_1024000B_20ops_occupancy_used20pct_iostat.txt.gz,results/kafka_fs_bench_20260906_105748/monitor/r1_ext4_scenario_a_1024000B_20ops_occupancy_used20pct_vmstat.txt.gz
ext4,1024000,scenario_a,1,latency,occupancy,40,39.99673071671746,39.996027460607365,True,NOT_SATURATED,,0,20,60,180,20,8,False,False,5,1000,10,100,1200,20.0,1200,20.0,1200,20.0,0,0,0,0,0,0.0,16,3,3,101.26,0,0,0,-1,-1,0,True,0,0,0,0,0,1200,20.0,100.0,1600,0,0.1,True,7.77,7.0,10.01,12.55,181.91,186.99,14.179166666666667,1681.3145,21830.31466666667,14.299666666666667,18.276333333333334,22265.173333333332,2.3833333333333333,3.433333333333333,92.35,1.4333333333333333,False,disk await avg 1681.31 ms >= 5.00 ms,0,0,2,-1,none,results/kafka_fs_bench_20260906_105748/raw/r1_ext4_scenario_a_1024000B_20ops_occupancy_used40pct.txt.gz,results/kafka_fs_bench_20260906_105748/monitor/r1_ext4_scenario_a_1024000B_20ops_occupancy_used40pct_iostat.txt.gz,results/kafka_fs_bench_20260906_105748/monitor/r1_ext4_scenario_a_1024000B_20ops_occupancy_used40pct_vmstat.txt.gz
ext4,1024000,scenario_a,1,latency,occupancy,60,59.99807204910306,59.997368792992965,True,NOT_SATURATED,,0,20,60,180,20,8,False,False,5,1000,10,100,1200,20.0,1200,20.0,1200,20.0,0,0,0,0,0,0.0,26,4,4,127.48,0,0,0,-1,-1,0,True,0,0,0,0,0,1200,20.0,100.0,1600,0,0.13,True,26.09,7.39,10.29,914.29,1568.45,1568.58,14.0115,102601.34616666666,20038.656,71.10033333333334,16.740391435643932,86451.37066666667,2.433333333333333,5.983333333333333,82.31666666666666,8.766666666666667,False,cpu iowait avg 8.77% >= 5.00% | disk await avg 102601.35 ms >= 5.00 ms,0,0,2,-1,none,results/kafka_fs_bench_20260906_105748/raw/r1_ext4_scenario_a_1024000B_20ops_occupancy_used60pct.txt.gz,results/kafka_fs_bench_20260906_105748/monitor/r1_ext4_scenario_a_1024000B_20ops_occupancy_used60pct_iostat.txt.gz,results/kafka_fs_bench_20260906_105748/monitor/r1_ext4_scenario_a_1024000B_20ops_occupancy_used60pct_vmstat.txt.gz
ext4,1024000,scenario_a,1,latency,occupancy,80,79.99941338148865,79.99871012537855,True,BACKPRESSURED,,0,20,60,180,20,8,False,False,5,1000,10,100,1200,20.0,1180,19.67,1200,20.0,20,0,0,0,0,0.0,21,4,4,195.56,0,0,0,-1,-1,0,True,0,0,0,0,0,1200,20.0,100.0,1600,0,0.43,True,32.93,6.63,9.28,1227.67,2397.64,2398.11,7.06,207314.02333333335,21262.165333333334,93.86666666666666,64.43642508114483,112980.48,2.6,4.666666666666667,79.91666666666667,12.4,False,cpu iowait avg 12.40% >= 5.00% | disk await avg 207314.02 ms >= 5.00 ms,0,0,2,-1,none,results/kafka_fs_bench_20260906_105748/raw/r1_ext4_scenario_a_1024000B_20ops_occupancy_used80pct.txt.gz,results/kafka_fs_bench_20260906_105748/monitor/r1_ext4_scenario_a_1024000B_20ops_occupancy_used80pct_iostat.txt.gz,results/kafka_fs_bench_20260906_105748/monitor/r1_ext4_scenario_a_1024000B_20ops_occupancy_used80pct_vmstat.txt.gz
ext4,1024000,scenario_b,1,latency,occupancy,20,19.997464847486047,26.862359400235746,True,NOT_SATURATED,,0,20,60,180,20,8,True,False,5,1000,10,100,1200,20.0,1200,20.0,1200,20.0,0,0,0,0,0,0.0,36,4,4,245.81,0,0,0,1600,1600,0,True,0,0,0,0,0,1200,20.0,100.0,1600,0,0.24,True,33.77,6.98,9.48,1147.36,1800.53,1801.53,12.473333333333333,539730.6825,20832.256,15.0,0.16233333333333333,21259.434666666668,2.75,4.5,89.96666666666667,2.2333333333333334,False,disk await avg 539730.68 ms >= 5.00 ms,0,0,2,-1,none,results/kafka_fs_bench_20260906_105748/raw/r1_ext4_scenario_b_1024000B_20ops_occupancy_used20pct.txt.gz,results/kafka_fs_bench_20260906_105748/monitor/r1_ext4_scenario_b_1024000B_20ops_occupancy_used20pct_iostat.txt.gz,results/kafka_fs_bench_20260906_105748/monitor/r1_ext4_scenario_b_1024000B_20ops_occupancy_used20pct_vmstat.txt.gz
ext4,1024000,scenario_b,1,latency,occupancy,40,39.996421970132545,39.996078918371516,True,NOT_SATURATED,,0,20,60,180,20,8,True,False,5,1000,10,100,1200,20.0,1200,20.0,1200,20.0,0,0,0,0,0,0.0,59,4,4,148.84,0,0,0,1600,1600,0,True,0,0,0,0,0,1200,20.0,100.0,1600,0,0.14,True,83.82,5.85,9.79,2422.86,3071.44,3208.9,14.791666666666666,3520335.6658333335,20866.389333333333,13.925833333333333,111.57966666666668,21032.78933333333,3.0166666666666666,3.2,89.28333333333333,4.0,False,disk await avg 3520335.67 ms >= 5.00 ms,0,0,2,-1,none,results/kafka_fs_bench_20260906_105748/raw/r1_ext4_scenario_b_1024000B_20ops_occupancy_used40pct.txt.gz,results/kafka_fs_bench_20260906_105748/monitor/r1_ext4_scenario_b_1024000B_20ops_occupancy_used40pct_iostat.txt.gz,results/kafka_fs_bench_20260906_105748/monitor/r1_ext4_scenario_b_1024000B_20ops_occupancy_used40pct_vmstat.txt.gz
ext4,1024000,scenario_b,1,latency,occupancy,60,59.99776330251814,59.997420250757116,True,NOT_SATURATED,,0,20,60,180,20,8,True,False,5,1000,10,100,1200,20.0,1200,20.0,1200,20.0,0,0,0,0,0,0.0,51,4,4,205.93,0,0,0,1600,1600,0,True,0,0,0,0,0,1200,20.0,100.0,1600,0,0.0,True,81.43,7.71,12.8,2264.46,2756.34,2756.56,14.928666666666667,236487.99049999999,21186.048,32.643166666666666,3.003162270075169,23138.986666666668,4.133333333333334,7.983333333333333,80.11666666666666,7.1,False,cpu iowait avg 7.10% >= 5.00% | disk await avg 236487.99 ms >= 5.00 ms,0,0,2,-1,none,results/kafka_fs_bench_20260906_105748/raw/r1_ext4_scenario_b_1024000B_20ops_occupancy_used60pct.txt.gz,results/kafka_fs_bench_20260906_105748/monitor/r1_ext4_scenario_b_1024000B_20ops_occupancy_used60pct_iostat.txt.gz,results/kafka_fs_bench_20260906_105748/monitor/r1_ext4_scenario_b_1024000B_20ops_occupancy_used60pct_vmstat.txt.gz
ext4,1024000,scenario_b,1,latency,occupancy,80,79.99910463490373,79.0380622789889,False,FAILED,sequence_gaps=6 | out_of_order_records=3,0,20,60,180,20,8,True,False,5,1000,10,100,976,16.27,976,16.27,976,16.27,0,0,0,0,0,0.0,484,18,220,13226.08,2,11,10,1376,1376,0,True,0,0,6,0,3,976,16.27,81.3,1376,0,0.06,True,12492.19,3395.56,33755.7,39005.95,40646.49,40646.49,31.62,11294.997,11757.738666666666,90.91033333333333,7.967745326472884,123205.97333333333,4.866666666666666,15.0,45.11666666666667,34.81666666666667,False,cpu iowait avg 34.82% >= 5.00% | disk await avg 11295.00 ms >= 5.00 ms,0,0,2,-1,none,results/kafka_fs_bench_20260906_105748/raw/r1_ext4_scenario_b_1024000B_20ops_occupancy_used80pct.txt.gz,results/kafka_fs_bench_20260906_105748/monitor/r1_ext4_scenario_b_1024000B_20ops_occupancy_used80pct_iostat.txt.gz,results/kafka_fs_bench_20260906_105748/monitor/r1_ext4_scenario_b_1024000B_20ops_occupancy_used80pct_vmstat.txt.gz
f2fs,1024,scenario_a,1,latency,occupancy,20,20.01489760519248,26.731345883860993,True,BACKPRESSURED,,0,20000,60,180,20,8,False,False,5,1000,10,100,1198328,19972.13,1198322,19972.03,1198328,19972.13,0,0,0,0,36530,40613.08,1004,4739,69902,522.51,0,0,0,-1,-1,0,True,0,0,0,0,0,1198328,19972.13,99.9,1527904,0,0.04,True,1.13,0.36,0.85,17.85,109.87,129.78,4.1866666666666665,13.054176470588235,24009.557333333334,9.506666666666666,142.50702434456932,24028.160000000003,42.38333333333333,28.6,28.316666666666666,0.4,False,disk await avg 13.05 ms >= 5.00 ms,0,0,1,-1,none,results/kafka_fs_bench_20260906_105748/raw/r1_f2fs_scenario_a_1024B_20000ops_occupancy_used20pct.txt.gz,results/kafka_fs_bench_20260906_105748/monitor/r1_f2fs_scenario_a_1024B_20000ops_occupancy_used20pct_iostat.txt.gz,results/kafka_fs_bench_20260906_105748/monitor/r1_f2fs_scenario_a_1024B_20000ops_occupancy_used20pct_vmstat.txt.gz
f2fs,1024,scenario_a,1,latency,occupancy,40,40.012198487222264,40.10736703426386,True,BACKPRESSURED,,0,20000,60,180,20,8,False,False,5,1000,10,100,1196955,19949.25,1196948,19949.13,1196955,19949.25,0,0,0,0,19567,27149.08,1003,3601,56733,502.81,0,0,0,-1,-1,0,True,0,0,0,0,0,1196955,19949.25,99.7,1541433,0,0.05,True,0.72,0.36,0.83,11.33,22.89,32.44,11.02,26.2204068627451,17281.536,13.24,93.41325146198831,17679.189333333336,45.78333333333333,26.266666666666666,26.8,0.95,False,disk await avg 26.22 ms >= 5.00 ms,0,0,2,-1,none,results/kafka_fs_bench_20260906_105748/raw/r1_f2fs_scenario_a_1024B_20000ops_occupancy_used40pct.txt.gz,results/kafka_fs_bench_20260906_105748/monitor/r1_f2fs_scenario_a_1024B_20000ops_occupancy_used40pct_iostat.txt.gz,results/kafka_fs_bench_20260906_105748/monitor/r1_f2fs_scenario_a_1024B_20000ops_occupancy_used40pct_vmstat.txt.gz
f2fs,1024,scenario_a,1,latency,occupancy,60,60.016827363270124,59.947775723325464,True,BACKPRESSURED,,0,20000,60,180,20,8,False,False,5,1000,10,100,1187007,19783.45,1186987,19783.12,1187007,19783.45,0,0,0,0,35494,47132.99,1003,5060,91557,512.33,0,0,0,-1,-1,0,True,0,0,0,0,0,1187007,19783.45,98.9,1506041,0,0.04,True,3.78,0.47,3.52,93.14,175.88,281.88,13.506666666666668,23673.265833333335,16532.65066666667,13.893333333333333,63.892869055170884,16664.746666666666,39.46666666666667,35.43333333333333,23.733333333333334,1.0833333333333333,False,disk await avg 23673.27 ms >= 5.00 ms,0,0,2,-1,none,results/kafka_fs_bench_20260906_105748/raw/r1_f2fs_scenario_a_1024B_20000ops_occupancy_used60pct.txt.gz,results/kafka_fs_bench_20260906_105748/monitor/r1_f2fs_scenario_a_1024B_20000ops_occupancy_used60pct_iostat.txt.gz,results/kafka_fs_bench_20260906_105748/monitor/r1_f2fs_scenario_a_1024B_20000ops_occupancy_used60pct_vmstat.txt.gz
f2fs,1024,scenario_b,1,latency,occupancy,20,20.01413460364613,26.699077276796615,True,BACKPRESSURED,,0,20000,60,180,20,8,True,False,5,1000,10,100,1194793,19913.22,1194783,19913.05,1194793,19913.22,1,0,0,0,27158,39646.55,1003,4252,78486,481.26,0,0,0,1519498,1519498,0,True,0,0,0,0,0,1194793,19913.22,99.6,1519498,0,0.04,True,1.27,0.42,1.69,19.78,55.24,134.72,7.98,13015.605930555557,9817.770666666667,7.406666666666666,19.669687500000002,9896.277333333333,43.766666666666666,28.1,27.083333333333332,0.75,False,disk await avg 13015.61 ms >= 5.00 ms,0,0,2,-1,none,results/kafka_fs_bench_20260906_105748/raw/r1_f2fs_scenario_b_1024B_20000ops_occupancy_used20pct.txt.gz,results/kafka_fs_bench_20260906_105748/monitor/r1_f2fs_scenario_b_1024B_20000ops_occupancy_used20pct_iostat.txt.gz,results/kafka_fs_bench_20260906_105748/monitor/r1_f2fs_scenario_b_1024B_20000ops_occupancy_used20pct_vmstat.txt.gz
f2fs,1024,scenario_b,1,latency,occupancy,40,40.108130035810206,40.0193198349882,True,BACKPRESSURED,,0,20000,60,180,20,8,True,False,5,1000,10,100,1197465,19957.75,1197458,19957.63,1197465,19957.75,0,0,0,0,33657,42013.29,1003,5335,76062,486.24,0,0,0,1521446,1521446,0,True,0,0,0,0,0,1197465,19957.75,99.8,1521446,0,0.03,True,1.16,0.4,1.44,19.91,53.98,79.64,11.298,27.148833333333336,18513.408,13.4915,69.15266666666666,18668.202666666668,44.21666666666667,27.233333333333334,27.433333333333334,0.7666666666666667,False,disk await avg 27.15 ms >= 5.00 ms,0,0,2,-1,none,results/kafka_fs_bench_20260906_105748/raw/r1_f2fs_scenario_b_1024B_20000ops_occupancy_used40pct.txt.gz,results/kafka_fs_bench_20260906_105748/monitor/r1_f2fs_scenario_b_1024B_20000ops_occupancy_used40pct_iostat.txt.gz,results/kafka_fs_bench_20260906_105748/monitor/r1_f2fs_scenario_b_1024B_20000ops_occupancy_used40pct_vmstat.txt.gz
f2fs,1024,scenario_b,1,latency,occupancy,60,59.94853872487182,59.78274484719623,True,BACKPRESSURED,,0,20000,60,180,20,8,True,False,5,1000,10,100,1169007,19483.45,1168989,19483.15,1169007,19483.45,0,0,0,0,47854,69601.47,1004,6853,128217,1141.72,0,0,0,1468509,1468509,0,True,0,0,0,0,0,1169007,19483.45,97.4,1468509,0,0.02,True,3.19,0.44,2.53,40.83,165.72,1196.38,7.3,864247.5283333333,7523.157333333333,70.85333333333334,6.243677930734434,20861.44,41.266666666666666,29.4,24.883333333333333,4.2,False,disk await avg 864247.53 ms >= 5.00 ms,0,0,2,-1,none,results/kafka_fs_bench_20260906_105748/raw/r1_f2fs_scenario_b_1024B_20000ops_occupancy_used60pct.txt.gz,results/kafka_fs_bench_20260906_105748/monitor/r1_f2fs_scenario_b_1024B_20000ops_occupancy_used60pct_iostat.txt.gz,results/kafka_fs_bench_20260906_105748/monitor/r1_f2fs_scenario_b_1024B_20000ops_occupancy_used60pct_vmstat.txt.gz
